sub_reddit,sub_reddit_link,post_author,post_author,post_time,reddit_text,reddit_link,upvotes,comments,awards
r/dataisbeautiful,https://www.reddit.com/r/dataisbeautiful/,u/Savoy_Cabbage,https://www.reddit.com/user/Savoy_Cabbage/,7 days ago,[OC] Layoffs in the tech industry over the last month for selected companies,,29.9k upvotes,1.5k comments,2 awards
r/OutOfTheLoop,https://www.reddit.com/r/OutOfTheLoop/,u/FruitfulRoots,https://www.reddit.com/user/FruitfulRoots/,9 days ago,What's going on with the synchronized mass layoffs?,,5.4k upvotes,695 comments,0 awards
r/wallstreetbets,https://www.reddit.com/r/wallstreetbets/,u/fishypizza1,https://www.reddit.com/user/fishypizza1/,15 days ago,The layoffs have begun boys,,5.1k upvotes,627 comments,4 awards
r/ProgrammerHumor,https://www.reddit.com/r/ProgrammerHumor/,u/brianl047,https://www.reddit.com/user/brianl047/,9 days ago,10k Amazon Layoffs Rumored...,,3.4k upvotes,224 comments,0 awards
r/dataisbeautiful,https://www.reddit.com/r/dataisbeautiful/,u/PieChartPirate,https://www.reddit.com/user/PieChartPirate/,14 days ago,"[OC] Tech Layoffs in 2022 so far, percentage of total workforce",,1.9k upvotes,157 comments,1 award
r/wallstreetbets,https://www.reddit.com/r/wallstreetbets/,u/poison_ivan,https://www.reddit.com/user/poison_ivan/,14 days ago,"With all of these tech layoffs, why don’t they just learn to code?",,520 upvotes,238 comments,2 awards
r/news,https://www.reddit.com/r/news/,u/IronHe,https://www.reddit.com/user/IronHe/,2 days ago,‘It’s over’: Twitter France’s head quits amid layoffs,,66.2k upvotes,5.7k comments,10 awards
r/news,https://www.reddit.com/r/news/,u/brooklynlad,https://www.reddit.com/user/brooklynlad/,4 days ago,"Layoffs mount, and Main Street still can’t find any workers to hire for open jobs",,11.1k upvotes,2.4k comments,0 awards
r/news,https://www.reddit.com/r/news/,u/Proper_Bodybuilder_2,https://www.reddit.com/user/Proper_Bodybuilder_2/,20 days ago,Twitter sued for mass layoffs,,34.8k upvotes,2.2k comments,6 awards
r/news,https://www.reddit.com/r/news/,u/Luka_Skywalker,https://www.reddit.com/user/Luka_Skywalker/,20 days ago,"Twitter to begin layoffs Friday, days after Elon Musk's $44 billion takeover",,9.5k upvotes,1.6k comments,1 award
r/technology,https://www.reddit.com/r/technology/,u/1000xcoins,https://www.reddit.com/user/1000xcoins/,17 days ago,Facebook Parent Meta Is Preparing to Notify Employees of Large-Scale Layoffs This Week,,10.5k upvotes,1.4k comments,1 award
r/canada,https://www.reddit.com/r/canada/,u/imnotabus,https://www.reddit.com/user/imnotabus/,2 days ago,Layoff notices served to nearly all unionized workers at Calgary Loblaw distribution centre,,4.9k upvotes,969 comments,1 award
r/cscareerquestions,https://www.reddit.com/r/cscareerquestions/,u/TreeSkyDirt,https://www.reddit.com/user/TreeSkyDirt/,4 days ago,"Hot take: If Elon succeeds in running Twitter, it could mean very bad news for more layoffs in other companies",,2.3k upvotes,893 comments,0 awards
r/news,https://www.reddit.com/r/news/,u/davetowers646,https://www.reddit.com/user/davetowers646/,15 days ago,Twitter engineer says he was fired for helping coworkers who faced layoffs,,15.5k upvotes,951 comments,3 awards
r/WorkReform,https://www.reddit.com/r/WorkReform/,u/milkfiend,https://www.reddit.com/user/milkfiend/,25 days ago,Elon Musk reportedly ordered company-wide layoffs at Twitter; deliberately timed to avoid paying out employees' vested stock,,15.8k upvotes,1.1k comments,1 award
r/JoeRogan,https://www.reddit.com/r/JoeRogan/,u/mostdiabolical,https://www.reddit.com/user/mostdiabolical/,24 days ago,Elon Musk reportedly ordered company-wide layoffs at Twitter before November 1st to avoid paying employees’ stock grants,,6.6k upvotes,1.8k comments,1 award
r/technology,https://www.reddit.com/r/technology/,u/flyingdutchgirll,https://www.reddit.com/user/flyingdutchgirll/,5 days ago,Silicon Valley layoffs aren’t just a cost-cutting measure. They’re a culture reset.,,2.2k upvotes,754 comments,0 awards
r/marvelstudios,https://www.reddit.com/r/marvelstudios/,u/Youngstown_Mafia,https://www.reddit.com/user/Youngstown_Mafia/,10 days ago,"Layoffs and budget cuts at Disney, hope the MCU isn't hit.",,5.8k upvotes,811 comments,0 awards
r/stocks,https://www.reddit.com/r/stocks/,u/rockinoutwith2,https://www.reddit.com/user/rockinoutwith2/,17 days ago,Meta Is Preparing to Notify Employees of Large-Scale Layoffs This Week,,5.2k upvotes,915 comments,2 awards
r/Games,https://www.reddit.com/r/Games/,u/Far_Breakfast_5808,https://www.reddit.com/user/Far_Breakfast_5808/,5 days ago,"Amazon starts cutting jobs, with layoffs hitting Alexa unit and cloud gaming division",,4.1k upvotes,396 comments,0 awards
r/Marvel,https://www.reddit.com/r/Marvel/,u/Youngstown_Mafia,https://www.reddit.com/user/Youngstown_Mafia/,10 days ago,"Layoffs and big budget cuts at Disney, will this effect the MCU ?",,3.9k upvotes,598 comments,0 awards
r/news,https://www.reddit.com/r/news/,u/VengenaceIsMyName,https://www.reddit.com/user/VengenaceIsMyName/,26 days ago,Departing Twitter employees say layoffs have started as Elon Musk takes over,,10.0k upvotes,1.3k comments,0 awards
r/antiwork,https://www.reddit.com/r/antiwork/,u/DrakBalek,https://www.reddit.com/user/DrakBalek/,19 days ago,Twitter Sued for Mass Layoffs by Musk Without Enough Notice,,7.2k upvotes,622 comments,0 awards
r/news,https://www.reddit.com/r/news/,u/DataGuru314,https://www.reddit.com/user/DataGuru314/,17 days ago,"Facebook parent Meta is preparing large-scale layoffs this week, Wall Street Journal reports",,5.7k upvotes,622 comments,1 award
r/cscareerquestions,https://www.reddit.com/r/cscareerquestions/,u/stefanx155,https://www.reddit.com/user/stefanx155/,1 day ago,"""137,000 jobs for IT experts despite mass layoffs"" according to a German news article",,699 upvotes,413 comments,0 awards
